{"data":[{"Properties":{"domain":"SHIBUYA.VL","name":"SHIBUYA-AWSJPDC0522-CA@SHIBUYA.VL","distinguishedname":"CN=SHIBUYA-AWSJPDC0522-CA,CN=AIA,CN=PUBLIC KEY SERVICES,CN=SERVICES,CN=CONFIGURATION,DC=SHIBUYA,DC=VL","domainsid":"S-1-5-21-87560095-894484815-3652015022","doesanyacegrantownerrights":false,"doesanyinheritedacegrantownerrights":false,"isaclprotected":false,"whencreated":1739604854,"crosscertificatepair":[],"hascrosscertificatepair":false,"certthumbprint":"3EED8DA9C08CA63C5A640AFEAC8966B9A0953BF5","certname":"3EED8DA9C08CA63C5A640AFEAC8966B9A0953BF5","certchain":["3EED8DA9C08CA63C5A640AFEAC8966B9A0953BF5"],"hasbasicconstraints":false,"basicconstraintpathlength":0},"Aces":[{"PrincipalSID":"S-1-5-21-87560095-894484815-3652015022-519","PrincipalType":"Group","RightName":"Owns","IsInherited":false,"InheritanceHash":"","IsPermissionForOwnerRightsSid":false,"IsInheritedPermissionForOwnerRightsSid":false},{"PrincipalSID":"SHIBUYA.VL-S-1-5-32-544","PrincipalType":"Group","RightName":"GenericAll","IsInherited":false,"InheritanceHash":"","IsPermissionForOwnerRightsSid":false,"IsInheritedPermissionForOwnerRightsSid":false},{"PrincipalSID":"S-1-5-21-87560095-894484815-3652015022-512","PrincipalType":"Group","RightName":"GenericAll","IsInherited":false,"InheritanceHash":"","IsPermissionForOwnerRightsSid":false,"IsInheritedPermissionForOwnerRightsSid":false},{"PrincipalSID":"S-1-5-21-87560095-894484815-3652015022-519","PrincipalType":"Group","RightName":"GenericAll","IsInherited":false,"InheritanceHash":"","IsPermissionForOwnerRightsSid":false,"IsInheritedPermissionForOwnerRightsSid":false},{"PrincipalSID":"S-1-5-21-87560095-894484815-3652015022-1000","PrincipalType":"Computer","RightName":"GenericAll","IsInherited":false,"InheritanceHash":"","IsPermissionForOwnerRightsSid":false,"IsInheritedPermissionForOwnerRightsSid":false},{"PrincipalSID":"S-1-5-21-87560095-894484815-3652015022-519","PrincipalType":"Group","RightName":"GenericAll","IsInherited":true,"InheritanceHash":"639465DDD437C08134BDCFE352723A596449692C","IsPermissionForOwnerRightsSid":false,"IsInheritedPermissionForOwnerRightsSid":false},{"PrincipalSID":"S-1-5-21-87560095-894484815-3652015022-512","PrincipalType":"Group","RightName":"WriteDacl","IsInherited":true,"InheritanceHash":"62D5CCF77654A22FE49E21AD019B53E85926A935","IsPermissionForOwnerRightsSid":false,"IsInheritedPermissionForOwnerRightsSid":false},{"PrincipalSID":"S-1-5-21-87560095-894484815-3652015022-512","PrincipalType":"Group","RightName":"WriteOwner","IsInherited":true,"InheritanceHash":"62D5CCF77654A22FE49E21AD019B53E85926A935","IsPermissionForOwnerRightsSid":false,"IsInheritedPermissionForOwnerRightsSid":false},{"PrincipalSID":"S-1-5-21-87560095-894484815-3652015022-512","PrincipalType":"Group","RightName":"GenericWrite","IsInherited":true,"InheritanceHash":"62D5CCF77654A22FE49E21AD019B53E85926A935","IsPermissionForOwnerRightsSid":false,"IsInheritedPermissionForOwnerRightsSid":false}],"ObjectIdentifier":"83D11122-A40D-47E7-8C40-0B3748DCC005","IsDeleted":false,"IsACLProtected":false,"ContainedBy":{"ObjectIdentifier":"77FD0AE4-8841-4107-8D2A-DC472153B82E","ObjectType":"Container"}}],"meta":{"methods":15725567,"type":"aiacas","count":1,"version":6,"collectorversion":"2.7.2.0"}}