{"data":[{"Properties":{"domain":"SHIBUYA.VL","name":"SHIBUYA-AWSJPDC0522-CA@SHIBUYA.VL","distinguishedname":"CN=SHIBUYA-AWSJPDC0522-CA,CN=CERTIFICATION AUTHORITIES,CN=PUBLIC KEY SERVICES,CN=SERVICES,CN=CONFIGURATION,DC=SHIBUYA,DC=VL","domainsid":"S-1-5-21-87560095-894484815-3652015022","doesanyacegrantownerrights":false,"doesanyinheritedacegrantownerrights":false,"isaclprotected":false,"whencreated":1739604854,"certthumbprint":"3EED8DA9C08CA63C5A640AFEAC8966B9A0953BF5","certname":"3EED8DA9C08CA63C5A640AFEAC8966B9A0953BF5","certchain":["3EED8DA9C08CA63C5A640AFEAC8966B9A0953BF5"],"hasbasicconstraints":false,"basicconstraintpathlength":0},"DomainSID":"S-1-5-21-87560095-894484815-3652015022","Aces":[{"PrincipalSID":"S-1-5-21-87560095-894484815-3652015022-519","PrincipalType":"Group","RightName":"Owns","IsInherited":false,"InheritanceHash":"","IsPermissionForOwnerRightsSid":false,"IsInheritedPermissionForOwnerRightsSid":false},{"PrincipalSID":"SHIBUYA.VL-S-1-5-32-544","PrincipalType":"Group","RightName":"GenericAll","IsInherited":false,"InheritanceHash":"","IsPermissionForOwnerRightsSid":false,"IsInheritedPermissionForOwnerRightsSid":false},{"PrincipalSID":"S-1-5-21-87560095-894484815-3652015022-512","PrincipalType":"Group","RightName":"GenericAll","IsInherited":false,"InheritanceHash":"","IsPermissionForOwnerRightsSid":false,"IsInheritedPermissionForOwnerRightsSid":false},{"PrincipalSID":"S-1-5-21-87560095-894484815-3652015022-517","PrincipalType":"Group","RightName":"GenericAll","IsInherited":false,"InheritanceHash":"","IsPermissionForOwnerRightsSid":false,"IsInheritedPermissionForOwnerRightsSid":false},{"PrincipalSID":"S-1-5-21-87560095-894484815-3652015022-519","PrincipalType":"Group","RightName":"GenericAll","IsInherited":false,"InheritanceHash":"","IsPermissionForOwnerRightsSid":false,"IsInheritedPermissionForOwnerRightsSid":false},{"PrincipalSID":"S-1-5-21-87560095-894484815-3652015022-519","PrincipalType":"Group","RightName":"GenericAll","IsInherited":true,"InheritanceHash":"639465DDD437C08134BDCFE352723A596449692C","IsPermissionForOwnerRightsSid":false,"IsInheritedPermissionForOwnerRightsSid":false},{"PrincipalSID":"S-1-5-21-87560095-894484815-3652015022-512","PrincipalType":"Group","RightName":"WriteDacl","IsInherited":true,"InheritanceHash":"62D5CCF77654A22FE49E21AD019B53E85926A935","IsPermissionForOwnerRightsSid":false,"IsInheritedPermissionForOwnerRightsSid":false},{"PrincipalSID":"S-1-5-21-87560095-894484815-3652015022-512","PrincipalType":"Group","RightName":"WriteOwner","IsInherited":true,"InheritanceHash":"62D5CCF77654A22FE49E21AD019B53E85926A935","IsPermissionForOwnerRightsSid":false,"IsInheritedPermissionForOwnerRightsSid":false},{"PrincipalSID":"S-1-5-21-87560095-894484815-3652015022-512","PrincipalType":"Group","RightName":"GenericWrite","IsInherited":true,"InheritanceHash":"62D5CCF77654A22FE49E21AD019B53E85926A935","IsPermissionForOwnerRightsSid":false,"IsInheritedPermissionForOwnerRightsSid":false}],"ObjectIdentifier":"63C1AA18-6FA0-4804-B3CA-C87FEB705E25","IsDeleted":false,"IsACLProtected":false,"ContainedBy":{"ObjectIdentifier":"A6470751-26C2-4ACC-8FB0-C0BEC482A604","ObjectType":"Container"}}],"meta":{"methods":15725567,"type":"rootcas","count":1,"version":6,"collectorversion":"2.7.2.0"}}