{"data":[{"Properties":{"domain":"SHIBUYA.VL","name":"NTAUTHCERTIFICATES@SHIBUYA.VL","distinguishedname":"CN=NTAUTHCERTIFICATES,CN=PUBLIC KEY SERVICES,CN=SERVICES,CN=CONFIGURATION,DC=SHIBUYA,DC=VL","domainsid":"S-1-5-21-87560095-894484815-3652015022","doesanyacegrantownerrights":false,"doesanyinheritedacegrantownerrights":false,"isaclprotected":false,"certthumbprints":["3EED8DA9C08CA63C5A640AFEAC8966B9A0953BF5"],"whencreated":1739604854},"DomainSID":"S-1-5-21-87560095-894484815-3652015022","Aces":[{"PrincipalSID":"S-1-5-21-87560095-894484815-3652015022-519","PrincipalType":"Group","RightName":"Owns","IsInherited":false,"InheritanceHash":"","IsPermissionForOwnerRightsSid":false,"IsInheritedPermissionForOwnerRightsSid":false},{"PrincipalSID":"SHIBUYA.VL-S-1-5-32-544","PrincipalType":"Group","RightName":"GenericAll","IsInherited":false,"InheritanceHash":"","IsPermissionForOwnerRightsSid":false,"IsInheritedPermissionForOwnerRightsSid":false},{"PrincipalSID":"S-1-5-21-87560095-894484815-3652015022-512","PrincipalType":"Group","RightName":"GenericAll","IsInherited":false,"InheritanceHash":"","IsPermissionForOwnerRightsSid":false,"IsInheritedPermissionForOwnerRightsSid":false},{"PrincipalSID":"S-1-5-21-87560095-894484815-3652015022-519","PrincipalType":"Group","RightName":"GenericAll","IsInherited":false,"InheritanceHash":"","IsPermissionForOwnerRightsSid":false,"IsInheritedPermissionForOwnerRightsSid":false},{"PrincipalSID":"S-1-5-21-87560095-894484815-3652015022-519","PrincipalType":"Group","RightName":"GenericAll","IsInherited":true,"InheritanceHash":"639465DDD437C08134BDCFE352723A596449692C","IsPermissionForOwnerRightsSid":false,"IsInheritedPermissionForOwnerRightsSid":false},{"PrincipalSID":"S-1-5-21-87560095-894484815-3652015022-512","PrincipalType":"Group","RightName":"WriteDacl","IsInherited":true,"InheritanceHash":"62D5CCF77654A22FE49E21AD019B53E85926A935","IsPermissionForOwnerRightsSid":false,"IsInheritedPermissionForOwnerRightsSid":false},{"PrincipalSID":"S-1-5-21-87560095-894484815-3652015022-512","PrincipalType":"Group","RightName":"WriteOwner","IsInherited":true,"InheritanceHash":"62D5CCF77654A22FE49E21AD019B53E85926A935","IsPermissionForOwnerRightsSid":false,"IsInheritedPermissionForOwnerRightsSid":false},{"PrincipalSID":"S-1-5-21-87560095-894484815-3652015022-512","PrincipalType":"Group","RightName":"GenericWrite","IsInherited":true,"InheritanceHash":"62D5CCF77654A22FE49E21AD019B53E85926A935","IsPermissionForOwnerRightsSid":false,"IsInheritedPermissionForOwnerRightsSid":false}],"ObjectIdentifier":"1D3BEA95-8841-4438-8D82-8B7947D43056","IsDeleted":false,"IsACLProtected":false,"ContainedBy":{"ObjectIdentifier":"4B4650DD-0B9E-482F-B326-58BD96BCA5A3","ObjectType":"Container"}}],"meta":{"methods":15725567,"type":"ntauthstores","count":1,"version":6,"collectorversion":"2.7.2.0"}}