{"data":[{"Properties":{"domain":"SHIBUYA.VL","name":"SHIBUYA-AWSJPDC0522-CA@SHIBUYA.VL","distinguishedname":"CN=SHIBUYA-AWSJPDC0522-CA,CN=ENROLLMENT SERVICES,CN=PUBLIC KEY SERVICES,CN=SERVICES,CN=CONFIGURATION,DC=SHIBUYA,DC=VL","domainsid":"S-1-5-21-87560095-894484815-3652015022","doesanyacegrantownerrights":false,"doesanyinheritedacegrantownerrights":false,"isaclprotected":false,"whencreated":1739604854,"flags":"SUPPORTS_NT_AUTHENTICATION, CA_SERVERTYPE_ADVANCED","caname":"shibuya-AWSJPDC0522-CA","dnshostname":"AWSJPDC0522.shibuya.vl","certthumbprint":"3EED8DA9C08CA63C5A640AFEAC8966B9A0953BF5","certname":"3EED8DA9C08CA63C5A640AFEAC8966B9A0953BF5","certchain":["3EED8DA9C08CA63C5A640AFEAC8966B9A0953BF5"],"hasbasicconstraints":false,"basicconstraintpathlength":0,"unresolvedpublishedtemplates":[],"casecuritycollected":true,"enrollmentagentrestrictionscollected":true,"isuserspecifiessanenabledcollected":true,"roleseparationenabledcollected":true},"HostingComputer":"S-1-5-21-87560095-894484815-3652015022-1000","CARegistryData":{"CASecurity":{"Data":[{"PrincipalSID":"SHIBUYA.VL-S-1-5-32-544","PrincipalType":"Group","RightName":"Owns","IsInherited":false,"InheritanceHash":null,"IsPermissionForOwnerRightsSid":false,"IsInheritedPermissionForOwnerRightsSid":false},{"PrincipalSID":"SHIBUYA.VL-S-1-5-11","PrincipalType":"Group","RightName":"Enroll","IsInherited":false,"InheritanceHash":null,"IsPermissionForOwnerRightsSid":false,"IsInheritedPermissionForOwnerRightsSid":false},{"PrincipalSID":"SHIBUYA.VL-S-1-5-32-544","PrincipalType":"Group","RightName":"ManageCA","IsInherited":false,"InheritanceHash":null,"IsPermissionForOwnerRightsSid":false,"IsInheritedPermissionForOwnerRightsSid":false},{"PrincipalSID":"SHIBUYA.VL-S-1-5-32-544","PrincipalType":"Group","RightName":"ManageCertificates","IsInherited":false,"InheritanceHash":null,"IsPermissionForOwnerRightsSid":false,"IsInheritedPermissionForOwnerRightsSid":false},{"PrincipalSID":"S-1-5-21-87560095-894484815-3652015022-512","PrincipalType":"Group","RightName":"ManageCA","IsInherited":false,"InheritanceHash":null,"IsPermissionForOwnerRightsSid":false,"IsInheritedPermissionForOwnerRightsSid":false},{"PrincipalSID":"S-1-5-21-87560095-894484815-3652015022-512","PrincipalType":"Group","RightName":"ManageCertificates","IsInherited":false,"InheritanceHash":null,"IsPermissionForOwnerRightsSid":false,"IsInheritedPermissionForOwnerRightsSid":false},{"PrincipalSID":"S-1-5-21-87560095-894484815-3652015022-519","PrincipalType":"Group","RightName":"ManageCA","IsInherited":false,"InheritanceHash":null,"IsPermissionForOwnerRightsSid":false,"IsInheritedPermissionForOwnerRightsSid":false},{"PrincipalSID":"S-1-5-21-87560095-894484815-3652015022-519","PrincipalType":"Group","RightName":"ManageCertificates","IsInherited":false,"InheritanceHash":null,"IsPermissionForOwnerRightsSid":false,"IsInheritedPermissionForOwnerRightsSid":false}],"Collected":true,"FailureReason":null},"EnrollmentAgentRestrictions":{"Restrictions":[],"Collected":true,"FailureReason":null},"IsUserSpecifiesSanEnabled":{"Value":false,"Collected":true,"FailureReason":null},"RoleSeparationEnabled":{"Value":false,"Collected":true,"FailureReason":null}},"EnabledCertTemplates":[{"ObjectIdentifier":"6FA76419-EEC5-489C-B0B3-3541E9A70EC0","ObjectType":"CertTemplate"},{"ObjectIdentifier":"56D3F5FB-1406-430D-AC35-A0708358EC0D","ObjectType":"CertTemplate"},{"ObjectIdentifier":"CAD4FD3F-9A2E-475B-90E5-BFE8AA78E76C","ObjectType":"CertTemplate"},{"ObjectIdentifier":"4F0D3E55-731D-484E-8493-B60EAB1F855D","ObjectType":"CertTemplate"},{"ObjectIdentifier":"619C5F81-1805-4FDC-BF96-CCCC2E69F356","ObjectType":"CertTemplate"},{"ObjectIdentifier":"34D19565-73DF-4A45-961F-CD528713EB69","ObjectType":"CertTemplate"},{"ObjectIdentifier":"C0CE61C0-3ABB-4CAB-8497-91D5F7CEE779","ObjectType":"CertTemplate"},{"ObjectIdentifier":"A3826854-8B89-4F47-B90F-AC55FCFF19FE","ObjectType":"CertTemplate"},{"ObjectIdentifier":"17E0C427-41F3-42D3-A5EF-CDAA41BDDF15","ObjectType":"CertTemplate"},{"ObjectIdentifier":"F364E07C-C203-4D45-900D-8AE47F63E83A","ObjectType":"CertTemplate"},{"ObjectIdentifier":"8DF5B20F-829D-43D5-B2FB-F59DBF35DCD9","ObjectType":"CertTemplate"},{"ObjectIdentifier":"FB91C9FD-BB5B-42E5-A745-B727D2BC1AA2","ObjectType":"CertTemplate"}],"HttpEnrollmentEndpoints":[{"Result":{"Url":"http://AWSJPDC0522.shibuya.vl/certsrv/","Type":"WebEnrollmentApplication","Status":"NotVulnerable_PortInaccessible","ADCSWebEnrollmentHTTP":false,"ADCSWebEnrollmentHTTPS":false,"ADCSWebEnrollmentEPA":false},"Collected":true,"FailureReason":null},{"Result":{"Url":"https://AWSJPDC0522.shibuya.vl/certsrv/","Type":"WebEnrollmentApplication","Status":"NotVulnerable_PortInaccessible","ADCSWebEnrollmentHTTP":false,"ADCSWebEnrollmentHTTPS":false,"ADCSWebEnrollmentEPA":false},"Collected":true,"FailureReason":null},{"Result":{"Url":"http://AWSJPDC0522.shibuya.vl/shibuya-AWSJPDC0522-CA_CES_Kerberos/service.svc","Type":"EnrollmentWebService","Status":"NotVulnerable_PortInaccessible","ADCSWebEnrollmentHTTP":false,"ADCSWebEnrollmentHTTPS":false,"ADCSWebEnrollmentEPA":false},"Collected":true,"FailureReason":null},{"Result":{"Url":"https://AWSJPDC0522.shibuya.vl/shibuya-AWSJPDC0522-CA_CES_Kerberos/service.svc","Type":"EnrollmentWebService","Status":"NotVulnerable_PortInaccessible","ADCSWebEnrollmentHTTP":false,"ADCSWebEnrollmentHTTPS":false,"ADCSWebEnrollmentEPA":false},"Collected":true,"FailureReason":null}],"Aces":[{"PrincipalSID":"S-1-5-21-87560095-894484815-3652015022-519","PrincipalType":"Group","RightName":"Owns","IsInherited":false,"InheritanceHash":"","IsPermissionForOwnerRightsSid":false,"IsInheritedPermissionForOwnerRightsSid":false},{"PrincipalSID":"S-1-5-21-87560095-894484815-3652015022-519","PrincipalType":"Group","RightName":"WriteDacl","IsInherited":false,"InheritanceHash":"","IsPermissionForOwnerRightsSid":false,"IsInheritedPermissionForOwnerRightsSid":false},{"PrincipalSID":"S-1-5-21-87560095-894484815-3652015022-519","PrincipalType":"Group","RightName":"WriteOwner","IsInherited":false,"InheritanceHash":"","IsPermissionForOwnerRightsSid":false,"IsInheritedPermissionForOwnerRightsSid":false},{"PrincipalSID":"S-1-5-21-87560095-894484815-3652015022-519","PrincipalType":"Group","RightName":"GenericWrite","IsInherited":false,"InheritanceHash":"","IsPermissionForOwnerRightsSid":false,"IsInheritedPermissionForOwnerRightsSid":false},{"PrincipalSID":"S-1-5-21-87560095-894484815-3652015022-519","PrincipalType":"Group","RightName":"ManageCA","IsInherited":false,"InheritanceHash":"","IsPermissionForOwnerRightsSid":false,"IsInheritedPermissionForOwnerRightsSid":false},{"PrincipalSID":"S-1-5-21-87560095-894484815-3652015022-519","PrincipalType":"Group","RightName":"ManageCertificates","IsInherited":false,"InheritanceHash":"","IsPermissionForOwnerRightsSid":false,"IsInheritedPermissionForOwnerRightsSid":false},{"PrincipalSID":"S-1-5-21-87560095-894484815-3652015022-1000","PrincipalType":"Computer","RightName":"WriteDacl","IsInherited":false,"InheritanceHash":"","IsPermissionForOwnerRightsSid":false,"IsInheritedPermissionForOwnerRightsSid":false},{"PrincipalSID":"S-1-5-21-87560095-894484815-3652015022-1000","PrincipalType":"Computer","RightName":"WriteOwner","IsInherited":false,"InheritanceHash":"","IsPermissionForOwnerRightsSid":false,"IsInheritedPermissionForOwnerRightsSid":false},{"PrincipalSID":"S-1-5-21-87560095-894484815-3652015022-1000","PrincipalType":"Computer","RightName":"GenericWrite","IsInherited":false,"InheritanceHash":"","IsPermissionForOwnerRightsSid":false,"IsInheritedPermissionForOwnerRightsSid":false},{"PrincipalSID":"S-1-5-21-87560095-894484815-3652015022-1000","PrincipalType":"Computer","RightName":"ManageCA","IsInherited":false,"InheritanceHash":"","IsPermissionForOwnerRightsSid":false,"IsInheritedPermissionForOwnerRightsSid":false},{"PrincipalSID":"S-1-5-21-87560095-894484815-3652015022-1000","PrincipalType":"Computer","RightName":"ManageCertificates","IsInherited":false,"InheritanceHash":"","IsPermissionForOwnerRightsSid":false,"IsInheritedPermissionForOwnerRightsSid":false},{"PrincipalSID":"SHIBUYA.VL-S-1-5-11","PrincipalType":"Group","RightName":"Enroll","IsInherited":false,"InheritanceHash":"","IsPermissionForOwnerRightsSid":false,"IsInheritedPermissionForOwnerRightsSid":false},{"PrincipalSID":"S-1-5-21-87560095-894484815-3652015022-519","PrincipalType":"Group","RightName":"GenericAll","IsInherited":true,"InheritanceHash":"639465DDD437C08134BDCFE352723A596449692C","IsPermissionForOwnerRightsSid":false,"IsInheritedPermissionForOwnerRightsSid":false},{"PrincipalSID":"S-1-5-21-87560095-894484815-3652015022-512","PrincipalType":"Group","RightName":"WriteDacl","IsInherited":true,"InheritanceHash":"62D5CCF77654A22FE49E21AD019B53E85926A935","IsPermissionForOwnerRightsSid":false,"IsInheritedPermissionForOwnerRightsSid":false},{"PrincipalSID":"S-1-5-21-87560095-894484815-3652015022-512","PrincipalType":"Group","RightName":"WriteOwner","IsInherited":true,"InheritanceHash":"62D5CCF77654A22FE49E21AD019B53E85926A935","IsPermissionForOwnerRightsSid":false,"IsInheritedPermissionForOwnerRightsSid":false},{"PrincipalSID":"S-1-5-21-87560095-894484815-3652015022-512","PrincipalType":"Group","RightName":"GenericWrite","IsInherited":true,"InheritanceHash":"62D5CCF77654A22FE49E21AD019B53E85926A935","IsPermissionForOwnerRightsSid":false,"IsInheritedPermissionForOwnerRightsSid":false},{"PrincipalSID":"S-1-5-21-87560095-894484815-3652015022-512","PrincipalType":"Group","RightName":"ManageCA","IsInherited":true,"InheritanceHash":"62D5CCF77654A22FE49E21AD019B53E85926A935","IsPermissionForOwnerRightsSid":false,"IsInheritedPermissionForOwnerRightsSid":false}],"ObjectIdentifier":"D93E7343-A192-43E4-BE7C-4F171A54008A","IsDeleted":false,"IsACLProtected":false,"ContainedBy":{"ObjectIdentifier":"7F4A6B12-EAED-4D05-9CA5-2F69674F4711","ObjectType":"Container"}}],"meta":{"methods":15725567,"type":"enterprisecas","count":1,"version":6,"collectorversion":"2.7.2.0"}}