{"data":[{"Properties":{"domain":"SHIBUYA.VL","name":"LOW ASSURANCE@SHIBUYA.VL","distinguishedname":"CN=400.E38BAE4224AD2E209D67A89ED74B350C,CN=OID,CN=PUBLIC KEY SERVICES,CN=SERVICES,CN=CONFIGURATION,DC=SHIBUYA,DC=VL","domainsid":"S-1-5-21-87560095-894484815-3652015022","doesanyacegrantownerrights":false,"doesanyinheritedacegrantownerrights":false,"isaclprotected":false,"whencreated":1739604854,"displayname":"Low Assurance","certtemplateoid":"1.3.6.1.4.1.311.21.8.9576224.8829527.8473265.15428831.5691117.7.1.400"},"GroupLink":{"ObjectIdentifier":null,"ObjectType":"Base"},"Aces":[{"PrincipalSID":"S-1-5-21-87560095-894484815-3652015022-519","PrincipalType":"Group","RightName":"Owns","IsInherited":false,"InheritanceHash":"","IsPermissionForOwnerRightsSid":false,"IsInheritedPermissionForOwnerRightsSid":false},{"PrincipalSID":"S-1-5-21-87560095-894484815-3652015022-512","PrincipalType":"Group","RightName":"GenericAll","IsInherited":false,"InheritanceHash":"","IsPermissionForOwnerRightsSid":false,"IsInheritedPermissionForOwnerRightsSid":false},{"PrincipalSID":"S-1-5-21-87560095-894484815-3652015022-519","PrincipalType":"Group","RightName":"GenericAll","IsInherited":true,"InheritanceHash":"639465DDD437C08134BDCFE352723A596449692C","IsPermissionForOwnerRightsSid":false,"IsInheritedPermissionForOwnerRightsSid":false},{"PrincipalSID":"S-1-5-21-87560095-894484815-3652015022-512","PrincipalType":"Group","RightName":"WriteDacl","IsInherited":true,"InheritanceHash":"62D5CCF77654A22FE49E21AD019B53E85926A935","IsPermissionForOwnerRightsSid":false,"IsInheritedPermissionForOwnerRightsSid":false},{"PrincipalSID":"S-1-5-21-87560095-894484815-3652015022-512","PrincipalType":"Group","RightName":"WriteOwner","IsInherited":true,"InheritanceHash":"62D5CCF77654A22FE49E21AD019B53E85926A935","IsPermissionForOwnerRightsSid":false,"IsInheritedPermissionForOwnerRightsSid":false},{"PrincipalSID":"S-1-5-21-87560095-894484815-3652015022-512","PrincipalType":"Group","RightName":"GenericWrite","IsInherited":true,"InheritanceHash":"62D5CCF77654A22FE49E21AD019B53E85926A935","IsPermissionForOwnerRightsSid":false,"IsInheritedPermissionForOwnerRightsSid":false}],"ObjectIdentifier":"C53E80C9-22B8-4F9B-AD07-B63131E6CEAD","IsDeleted":false,"IsACLProtected":false,"ContainedBy":{"ObjectIdentifier":"86201F92-57BA-4A81-B1EB-6CDF56D6ED07","ObjectType":"Base"}},{"Properties":{"domain":"SHIBUYA.VL","name":"HIGH ASSURANCE@SHIBUYA.VL","distinguishedname":"CN=402.3C1AA7BD3A93773FD447162F867F9C55,CN=OID,CN=PUBLIC KEY SERVICES,CN=SERVICES,CN=CONFIGURATION,DC=SHIBUYA,DC=VL","domainsid":"S-1-5-21-87560095-894484815-3652015022","doesanyacegrantownerrights":false,"doesanyinheritedacegrantownerrights":false,"isaclprotected":false,"whencreated":1739604854,"displayname":"High Assurance","certtemplateoid":"1.3.6.1.4.1.311.21.8.9576224.8829527.8473265.15428831.5691117.7.1.402"},"GroupLink":{"ObjectIdentifier":null,"ObjectType":"Base"},"Aces":[{"PrincipalSID":"S-1-5-21-87560095-894484815-3652015022-519","PrincipalType":"Group","RightName":"Owns","IsInherited":false,"InheritanceHash":"","IsPermissionForOwnerRightsSid":false,"IsInheritedPermissionForOwnerRightsSid":false},{"PrincipalSID":"S-1-5-21-87560095-894484815-3652015022-512","PrincipalType":"Group","RightName":"GenericAll","IsInherited":false,"InheritanceHash":"","IsPermissionForOwnerRightsSid":false,"IsInheritedPermissionForOwnerRightsSid":false},{"PrincipalSID":"S-1-5-21-87560095-894484815-3652015022-519","PrincipalType":"Group","RightName":"GenericAll","IsInherited":true,"InheritanceHash":"639465DDD437C08134BDCFE352723A596449692C","IsPermissionForOwnerRightsSid":false,"IsInheritedPermissionForOwnerRightsSid":false},{"PrincipalSID":"S-1-5-21-87560095-894484815-3652015022-512","PrincipalType":"Group","RightName":"WriteDacl","IsInherited":true,"InheritanceHash":"62D5CCF77654A22FE49E21AD019B53E85926A935","IsPermissionForOwnerRightsSid":false,"IsInheritedPermissionForOwnerRightsSid":false},{"PrincipalSID":"S-1-5-21-87560095-894484815-3652015022-512","PrincipalType":"Group","RightName":"WriteOwner","IsInherited":true,"InheritanceHash":"62D5CCF77654A22FE49E21AD019B53E85926A935","IsPermissionForOwnerRightsSid":false,"IsInheritedPermissionForOwnerRightsSid":false},{"PrincipalSID":"S-1-5-21-87560095-894484815-3652015022-512","PrincipalType":"Group","RightName":"GenericWrite","IsInherited":true,"InheritanceHash":"62D5CCF77654A22FE49E21AD019B53E85926A935","IsPermissionForOwnerRightsSid":false,"IsInheritedPermissionForOwnerRightsSid":false}],"ObjectIdentifier":"B9F49689-B348-4FCF-A955-FE74E843D59C","IsDeleted":false,"IsACLProtected":false,"ContainedBy":{"ObjectIdentifier":"86201F92-57BA-4A81-B1EB-6CDF56D6ED07","ObjectType":"Base"}},{"Properties":{"domain":"SHIBUYA.VL","name":"MEDIUM ASSURANCE@SHIBUYA.VL","distinguishedname":"CN=401.5D92E7A2AEAECF95D30BDFE9C40B334D,CN=OID,CN=PUBLIC KEY SERVICES,CN=SERVICES,CN=CONFIGURATION,DC=SHIBUYA,DC=VL","domainsid":"S-1-5-21-87560095-894484815-3652015022","doesanyacegrantownerrights":false,"doesanyinheritedacegrantownerrights":false,"isaclprotected":false,"whencreated":1739604854,"displayname":"Medium Assurance","certtemplateoid":"1.3.6.1.4.1.311.21.8.9576224.8829527.8473265.15428831.5691117.7.1.401"},"GroupLink":{"ObjectIdentifier":null,"ObjectType":"Base"},"Aces":[{"PrincipalSID":"S-1-5-21-87560095-894484815-3652015022-519","PrincipalType":"Group","RightName":"Owns","IsInherited":false,"InheritanceHash":"","IsPermissionForOwnerRightsSid":false,"IsInheritedPermissionForOwnerRightsSid":false},{"PrincipalSID":"S-1-5-21-87560095-894484815-3652015022-512","PrincipalType":"Group","RightName":"GenericAll","IsInherited":false,"InheritanceHash":"","IsPermissionForOwnerRightsSid":false,"IsInheritedPermissionForOwnerRightsSid":false},{"PrincipalSID":"S-1-5-21-87560095-894484815-3652015022-519","PrincipalType":"Group","RightName":"GenericAll","IsInherited":true,"InheritanceHash":"639465DDD437C08134BDCFE352723A596449692C","IsPermissionForOwnerRightsSid":false,"IsInheritedPermissionForOwnerRightsSid":false},{"PrincipalSID":"S-1-5-21-87560095-894484815-3652015022-512","PrincipalType":"Group","RightName":"WriteDacl","IsInherited":true,"InheritanceHash":"62D5CCF77654A22FE49E21AD019B53E85926A935","IsPermissionForOwnerRightsSid":false,"IsInheritedPermissionForOwnerRightsSid":false},{"PrincipalSID":"S-1-5-21-87560095-894484815-3652015022-512","PrincipalType":"Group","RightName":"WriteOwner","IsInherited":true,"InheritanceHash":"62D5CCF77654A22FE49E21AD019B53E85926A935","IsPermissionForOwnerRightsSid":false,"IsInheritedPermissionForOwnerRightsSid":false},{"PrincipalSID":"S-1-5-21-87560095-894484815-3652015022-512","PrincipalType":"Group","RightName":"GenericWrite","IsInherited":true,"InheritanceHash":"62D5CCF77654A22FE49E21AD019B53E85926A935","IsPermissionForOwnerRightsSid":false,"IsInheritedPermissionForOwnerRightsSid":false}],"ObjectIdentifier":"1B74357A-F45A-4540-AB28-4597D2220B4E","IsDeleted":false,"IsACLProtected":false,"ContainedBy":{"ObjectIdentifier":"86201F92-57BA-4A81-B1EB-6CDF56D6ED07","ObjectType":"Base"}}],"meta":{"methods":15725567,"type":"issuancepolicies","count":3,"version":6,"collectorversion":"2.7.2.0"}}